Depth,GR_1st,IGR,Vsh_1st,GR_2nd,GRc_2nd,Vsh_2nd,GR_3rd,GRc_3rd,Vsh+3rd
m,API,,,API,API,%,API,API,%
170.1,39.88,0.139269847,-0.147640203,47.08,,6.074073724,47.17,,4.485715577
170.2,39.88,0.139269847,-0.147640203,46.16,,4.62172516,48.27,,6.035736209
170.3,39.88,0.139269847,-0.147640203,46.57,,5.249950181,48.4,,6.230885012
170.4,42.01,0.180413367,-0.092782178,49.31,,10.3062886,48.31,,6.095501905
170.5,42.01,0.180413367,-0.092782178,49.3,,10.28477421,49.09,,7.31190685
170.6,45.4,0.245895306,-0.005472925,48.35,,8.350139907,48.83,,6.895453427
170.7,45.4,0.245895306,-0.005472925,48.78,,9.199578227,48.2,,5.931741192
170.8,47.52,0.286845664,0.049127551,48.9,,9.444255988,48.62,,6.567192349
170.9,48.79,0.311377246,0.081836327,48.83,,9.301115424,50.37,,9.534208001
171,48.79,0.311377246,0.081836327,48.76,,9.159127211,51.16,,11.06056664
171.1,48.37,0.303264439,0.071019252,48.41,,8.466149344,48.98,,7.134343126
171.2,48.37,0.303264439,0.071019252,47.82,,7.35955691,48.18,,5.902166785
171.3,44.55,0.229476531,-0.027364626,46.39,,4.970478196,48.39,,6.215779943
171.4,42.85,0.19663898,-0.071148027,45.91,,4.25300515,49.16,,7.425961588
171.5,42.85,0.19663898,-0.071148027,46.49,,5.125023,49.94,,8.754507886
171.6,49.64,0.327796021,0.103728028,47.13,,6.157513233,50.27,,9.34976614
171.7,49.64,10.9864879,14.3153172,47.46,,6.720463033,51.67,,12.11450664
171.8,44.98,0.2377825,-0.016290001,47.31,,6.461916,51.7,,12.17825689
171.9,47.95,0.295151632,0.060202176,46.42,,5.016654402,51.4,,11.54959586
172,47.95,0.295151632,0.060202176,45.42,,3.560472153,50.5,,9.776861052
172.1,48.37,0.303264439,0.071019252,44.33,,2.153511927,48.46,,6.321845257
172.2,48.37,0.303264439,0.071019252,45.45,,3.601755381,45.74,,2.71786239
172.3,51.76,0.368746378,0.158328504,46.24,,4.741981435,48.24,,5.991074421
172.4,53.04,0.393471122,0.19129483,47.18,,6.241435883,48.1,,5.784480907
172.5,53.04,0.393471122,0.19129483,51.03,,14.40219552,48.94,,7.070275265
172.6,52.61,0.385165154,0.180220205,51.51,,15.69808768,49.32,,7.68978958
172.7,52.61,0.385165154,0.180220205,51.51,,15.69808768,51.01,,10.76104938
172.8,53.89,0.409889898,0.21318653,52.94,,20.01321614,50.43,,9.64579512
172.9,49.22,0.319683214,0.092910952,53.46,,21.76761499,51.76,,12.30635419
173,49.22,0.319683214,0.092910952,53.67,,22.50652934,52.32,,13.54117753
173.1,52.61,0.385165154,0.180220205,52.47,,18.5156462,51.54,,11.84053693
173.2,52.61,0.385165154,0.180220205,55.03,,27.75117661,51.7,,12.17825689
173.3,58.13,0.491790612,0.322387483,57.94,,42.1634921,55.38,,21.71551788
173.4,60.68,11.9864879,15.64865053,56.44,,34.13214162,51.82,,12.43525136
173.5,60.68,0.541046938,0.388062585,55.61,,30.25085969,51.61,,11.98759985
173.6,52.61,0.385165154,0.180220205,56.09,,32.44999337,50.74,,10.23352543
173.7,52.61,0.385165154,0.180220205,56.84,,36.1397138,51.69,,12.15698475
173.8,58.13,0.491790612,0.322387483,57.87,,41.75694546,53.91,,17.46474841
173.9,56.86,0.46725903,0.289678707,56.4,,33.93643742,54.49,,19.064942
174,56.86,0.46725903,0.289678707,53.75,,22.79276735,54.34,,18.64182358
174.1,53.04,0.393471122,0.19129483,52.18,,17.63135033,53.83,,17.25149233
174.2,53.04,0.393471122,0.19129483,50.82,,13.85744139,52.15,,13.15870838
174.3,50.92,0.352520765,0.136694353,50.82,,13.85744139,52.07,,12.98104376
174.4,56.86,0.46725903,0.289678707,50.92,,14.11520097,52.63,,14.25622679
174.5,56.86,0.46725903,0.289678707,51.46,,15.55972317,52.48,,13.90736311
174.6,44.98,0.2377825,-0.016290001,51.59,,15.92113926,51.71,,12.1995511
174.7,44.98,0.2377825,-0.016290001,50.99,,14.29741184,50.91,,10.56394512
174.8,46.25,0.262314082,0.016418775,50.68,,13.50154197,50.91,,10.56394512
174.9,44.13,0.221363724,-0.038181701,50.62,,13.35076614,49.2,,7.491508582
175,44.13,0.221363724,-0.038181701,50.72,,13.6026411,49,,7.166476898
175.1,46.67,12.9864879,16.98198387,49.86,,11.52866939,49.79,,8.490600091
175.2,46.67,0.270426888,0.027235851,46.51,,5.156146686,50.3,,9.404897916
175.3,52.19,0.377052347,0.169403129,45.94,,4.296691594,49.13,,7.376979543
175.4,51.34,0.360633572,0.147511429,46.74,,5.519283411,46.47,,3.58756067
175.5,51.34,0.360633572,0.147511429,47.56,,6.895332473,52.77,,14.58676772
175.6,55.16,0.43442148,0.245895306,47.59,,6.948188275,53.1,,15.38516116
175.7,55.16,0.43442148,0.245895306,49.03,,9.713177684,52.87,,14.82582512
175.8,49.22,0.319683214,0.092910952,45.66,,3.894777225,51.62,,12.00869616
175.9,50.92,0.352520765,0.136694353,46.82,,5.647869567,50.15,,9.130946994
176,50.92,0.352520765,0.136694353,48.2,,8.063608497,51.95,,12.71729644
176.1,49.22,0.319683214,0.092910952,50.92,,14.11520097,50.72,,10.19503426
176.2,49.22,0.319683214,0.092910952,48.61,,8.858704087,54.41,,18.83845957
176.3,54.74,0.426308673,0.235078231,50.4,,12.80677341,54.4,,18.8102812
176.4,53.89,0.409889898,0.21318653,52.61,,18.95326314,56.28,,24.65670269
176.5,53.89,0.409889898,0.21318653,51.7,,16.2312191,57.61,,29.53824228
176.6,56.43,0.458953062,0.278604082,50.56,,13.20103133,55.88,,23.31555232
176.7,56.43,0.458953062,0.278604082,48.99,,9.63000217,53.34,,15.98322223
176.8,53.04,13.9864879,18.3153172,46.59,,5.281362714,53.6,,16.64814907
176.9,44.13,0.221363724,-0.038181701,46.41,,5.001244556,56.08,,23.97917069
177,44.13,0.221363724,-0.038181701,46.15,,4.606771086,53.93,,17.51833956
177.1,53.04,0.393471122,0.19129483,46.86,,5.712609463,51.39,,11.52897561
177.2,53.04,0.393471122,0.19129483,45.52,,3.698640895,49.95,,8.772248195
177.3,59.83,0.524628163,0.366170884,46.62,,5.328617746,49.52,,8.025793205
177.4,57.28,0.475371837,0.300495783,46.98,,5.908633023,52.92,,14.94628711
177.5,57.28,0.475371837,0.300495783,46.87,,5.728841215,51.88,,12.56495341
177.6,52.19,0.377052347,0.169403129,47.79,,7.30527852,50.27,,9.34976614
177.7,52.19,0.377052347,0.169403129,49.39,,10.47930105,49.56,,8.093834619
177.8,52.61,0.385165154,0.180220205,49.12,,9.901733214,49.38,,7.789859633
177.9,51.34,0.360633572,0.147511429,53.61,,22.29357943,48.98,,7.134343126
178,51.34,0.360633572,0.147511429,54.63,,26.12225066,48.76,,6.785237465
178.1,62.37,0.573691327,0.431588436,53.18,,20.80985964,51.03,,10.80071622
178.2,62.37,0.573691327,0.431588436,52.4,,18.29947645,50.06,,8.968611172
178.3,56.43,0.458953062,0.278604082,50.25,,12.44371388,47.8,,5.351756835
178.4,53.89,0.409889898,0.21318653,51.29,,15.09521476,46.47,,3.58756067
178.5,53.89,14.9864879,19.64865053,53.6,,22.258231,48.62,,6.567192349
178.6,64.07,0.606528878,0.475371837,53.08,,20.47523977,50.71,,10.17581861
178.7,64.07,0.606528878,0.475371837,52.88,,19.81748107,47.51,,4.94606636
178.8,63.22,0.590110102,0.453480137,53.26,,21.08035154,49.45,,7.907398064
178.9,57.71,0.483677806,0.311570408,52.43,,18.39190671,49.92,,8.719082437
179,57.71,0.483677806,0.311570408,50.46,,12.95376718,48.05,,5.71142171
179.1,57.28,0.475371837,0.300495783,50.51,,13.07704235,47.47,,4.891060835
179.2,57.28,0.475371837,0.300495783,54.47,,25.49145723,48.09,,5.769838733
179.3,58.98,0.508209388,0.344279184,58.79,,47.37151601,48.59,,6.520879011
179.4,56.43,0.458953062,0.278604082,59.9,,54.98960512,51.28,,11.3035592
179.5,56.43,0.458953062,0.278604082,55.3,,28.89401294,52.35,,13.60937511
179.6,44.13,0.221363724,-0.038181701,50.81,,13.83182875,50.92,,10.58356365
179.7,44.13,0.221363724,-0.038181701,51.79,,16.48786676,50.4,,9.589914734
179.8,45.82,0.254008113,0.00534415,53.43,,21.66351092,50.77,,10.29141213
179.9,52.61,0.385165154,0.180220205,55.27,,28.76526448,48.95,,7.086267313
180,52.61,0.385165154,0.180220205,55.34,,29.06637281,47.13,,4.432616508
180.1,42.43,0.188526173,-0.081965102,54.46,,25.45241826,48.11,,5.79913828
180.2,42.43,15.9864879,20.98198387,54.29,,24.79560667,50.28,,9.368124336
180.3,40.73,0.155688623,-0.125748503,53.21,,20.9110014,51.94,,12.69546535
180.4,41.16,0.163994591,-0.114673878,52.83,,19.65540126,53.61,,16.6740831
180.5,41.16,0.163994591,-0.114673878,49.96,,11.7593822,51.62,,12.00869616
180.6,41.58,0.172107398,-0.103856803,49.45,,10.61011328,50.17,,9.16722793
180.7,41.58,0.172107398,-0.103856803,50.63,,13.37582296,48.95,,7.086267313
180.8,44.55,0.229476531,-0.027364626,48.6,,8.83886029,48.88,,6.974670615
180.9,49.64,0.327796021,0.103728028,49.1,,9.859662477,48.78,,6.816646106
181,49.64,0.327796021,0.103728028,49.27,,10.22037989,48.83,,6.895453427
181.1,49.64,0.327796021,0.103728028,47.62,,7.001227497,49.76,,8.438309582
181.2,49.64,0.327796021,0.103728028,48.15,,7.969195616,51.06,,10.86037102
181.3,48.37,0.303264439,0.071019252,50.14,,12.18143859,51.43,,11.61158512
181.4,44.55,0.229476531,-0.027364626,52.13,,17.48185605,53.5,,16.3902832
181.5,44.55,0.229476531,-0.027364626,51.83,,16.60279134,53.91,,17.46474841
181.6,44.55,0.229476531,-0.027364626,51.63,,16.03344012,52.1,,13.04749525
181.7,44.55,0.229476531,-0.027364626,52.42,,18.36106104,51.73,,12.24220586
181.8,47.1,0.278732857,0.038310476,52.85,,19.72012091,49.08,,7.295680827
181.9,51.76,16.9864879,22.3153172,52.4,,18.29947645,47.54,,4.987470564
182,51.76,0.368746378,0.158328504,50.15,,12.20514437,48.15,,5.857920076
182.1,62.37,0.573691327,0.431588436,49.21,,10.09225853,49.03,,7.214802747
182.2,62.37,0.573691327,0.431588436,50.04,,11.94588022,51.05,,10.84046545
182.3,62.37,0.573691327,0.431588436,51.68,,16.1745476,51.53,,11.819615
182.4,56.43,0.458953062,0.278604082,52.98,,20.14446162,48.8,,6.848119987
182.5,56.43,0.458953062,0.278604082,53.76,,22.82873338,49.39,,7.806598621
182.6,59.83,0.524628163,0.366170884,51.43,,15.47708711,51.21,,11.16144603
182.7,59.83,0.524628163,0.366170884,50.67,,13.47634006,51.02,,10.78087252
182.8,57.71,0.483677806,0.311570408,51.26,,15.01418506,52.17,,13.20335542
182.9,47.1,0.278732857,0.038310476,53.74,,22.75684283,53.07,,15.31144515
183,47.1,0.278732857,0.038310476,53.66,,22.47093515,51.54,,11.84053693
183.1,47.95,0.295151632,0.060202176,52.89,,19.85000948,49.59,,8.145051303
183.2,47.95,0.295151632,0.060202176,54.39,,25.18040405,48.13,,5.828498686
183.3,50.07,0.33610199,0.114802653,53.29,,21.18243195,47.56,,5.015145047
183.4,53.46,0.401583929,0.202111905,50.57,,13.22591514,47.98,,5.609773444
183.5,53.46,0.401583929,0.202111905,48.09,,7.856617348,48.26,,6.020833499
183.6,45.82,17.9864879,23.64865053,45.4,,3.533029346,48.27,,6.035736209
183.7,45.82,0.254008113,0.00534415,44.3,,2.117236989,47.9,,5.494504335
183.8,40.73,0.155688623,-0.125748503,44.31,,2.129314675,47.58,,5.042877013
183.9,44.55,0.229476531,-0.027364626,45.18,,3.235304612,49.77,,8.455721671
184,44.55,0.229476531,-0.027364626,46.94,,5.842989801,49.59,,8.145051303
184.1,53.04,0.393471122,0.19129483,46.32,,4.863353761,48.35,,6.155516139
184.2,53.04,0.393471122,0.19129483,46.48,,5.10948809,47.39,,4.781732225
184.3,44.13,0.221363724,-0.038181701,45.65,,3.880662091,46.8,,4.002856302
184.4,45.82,0.254008113,0.00534415,44.52,,2.386194531,45.18,,2.093941895
184.5,45.82,0.254008113,0.00534415,43.49,,1.183841044,44,,0.892137844
184.6,40.73,0.155688623,-0.125748503,44.78,,2.712989082,45.16,,2.072322493
184.7,40.73,0.155688623,-0.125748503,45.8,,4.094110092,47.6,,5.070666581
184.8,46.67,0.270426888,0.027235851,46.69,,5.439518186,48.33,,6.12547789
184.9,54.31,0.418002704,0.224003606,46.35,,4.909158226,49.06,,7.263279241
185,54.31,0.418002704,0.224003606,45.85,,4.166084968,49.63,,8.213588655
185.1,45.4,0.245895306,-0.005472925,51.05,,14.45476914,49.12,,7.360686044
185.2,45.4,0.245895306,-0.005472925,50.61,,13.32573824,51.41,,11.57023751
185.3,54.31,18.9864879,24.98198387,49.11,,9.880685701,54.88,,20.1963674
185.4,54.74,0.426308673,0.235078231,51.13,,14.66628197,53.59,,16.62224193
185.5,54.74,0.426308673,0.235078231,55.46,,29.58825496,55.31,,21.49806339
185.6,59.4,0.516322194,0.355096259,55.47,,29.63207244,56.37,,24.96620892
185.7,59.4,0.516322194,0.355096259,55.29,,28.85104722,58.44,,32.94416353
185.8,56.43,0.458953062,0.278604082,56.29,,33.40288856,56.96,,27.06836289
185.9,58.55,0.499903419,0.333204559,57.21,,38.08111244,58.43,,32.9013584
186,58.55,0.499903419,0.333204559,55.16,,28.29698433,58.87,,34.8274343
186.1,56.43,0.458953062,0.278604082,55.11,,28.0860881,57.53,,29.22519307
186.2,56.43,0.458953062,0.278604082,55.56,,30.02871501,56.72,,26.19769574
186.3,58.13,0.491790612,0.322387483,54.8,,26.805362,56.77,,26.37730129
186.4,53.04,0.393471122,0.19129483,53.42,,21.62888962,56.54,,25.55877567
186.5,53.04,0.393471122,0.19129483,52.7,,19.23834722,56.63,,25.87674427
186.6,48.37,0.303264439,0.071019252,53.16,,20.7426262,55.36,,21.65322679
186.7,48.37,0.303264439,0.071019252,53.63,,22.36439886,53.57,,16.57050821
186.8,49.64,0.327796021,0.103728028,55.74,,30.83447428,52.51,,13.9767022
186.9,53.46,0.401583929,0.202111905,56.57,,34.7744593,53.42,,16.18590809
187,53.46,19.9864879,26.3153172,55.86,,31.38102701,52.53,,14.0230483
187.1,42.01,0.180413367,-0.092782178,52.39,,18.26873745,52.8,,14.65822471
187.2,42.01,0.180413367,-0.092782178,48.79,,9.219838795,52.72,,14.46816587
187.3,51.76,0.368746378,0.158328504,48.93,,9.505957021,49.48,,7.958033572
187.4,45.82,0.254008113,0.00534415,48.47,,8.582965327,48.22,,5.961377028
187.5,45.82,0.254008113,0.00534415,49.04,,9.734031661,46.28,,3.354822291
187.6,54.74,0.426308673,0.235078231,48.84,,9.321493306,45.91,,2.914551597
187.7,54.74,0.426308673,0.235078231,47.22,,6.308923745,44.37,,1.253265508
187.8,56.43,0.458953062,0.278604082,47.48,,6.755275567,47.94,,5.5520193
187.9,62.37,0.573691327,0.431588436,48.77,,9.179341042,48.82,,6.879659242
188,62.37,0.573691327,0.431588436,48.78,,9.199578227,49.43,,7.873728507
188.1,63.65,0.598416071,0.464554761,49.59,,10.91888955,49.48,,7.958033572
188.2,63.65,0.598416071,0.464554761,49.3,,10.28477421,46.77,,3.964511879
188.3,58.13,0.491790612,0.322387483,48.93,,9.505957021,47.33,,4.7003292
188.4,61.1,0.549159745,0.39887966,51.17,,14.77277337,49.58,,8.12796136
188.5,61.1,0.549159745,0.39887966,50.58,,13.25082771,48.49,,6.367538151
188.6,61.1,0.549159745,0.39887966,48.65,,8.938308812,45,,1.900972763
188.7,61.1,20.9864879,27.64865053,48.54,,8.720277506,45.79,,2.775352487
188.8,65.77,0.639366428,0.519155238,49.84,,11.48284566,43.95,,0.844391417
188.9,58.55,0.499903419,0.333204559,50.47,,12.97836531,44.41,,1.293143141
189,58.55,0.499903419,0.333204559,50.09,,12.0633194,46.42,,3.525868242
189.1,47.95,0.295151632,0.060202176,54.3,,24.83388677,48.85,,6.927090999
189.2,47.95,0.295151632,0.060202176,53.53,,22.01193158,50.55,,9.871064053
189.3,41.58,0.172107398,-0.103856803,54.66,,26.24182738,50.94,,10.62286183
189.4,43.28,0.204944949,-0.060073402,50.92,,14.11520097,50.79,,10.33010348
189.5,43.28,0.204944949,-0.060073402,48.78,,9.199578227,50.81,,10.36887519
189.6,42.01,0.180413367,-0.092782178,48.49,,8.622084188,52.76,,14.56299811
189.7,42.01,0.180413367,-0.092782178,50.57,,13.22591514,53.17,,15.55806006
189.8,37.34,0.090206683,-0.213057755,51.55,,15.8093559,53.31,,15.9076477
189.9,39.04,0.123044234,-0.169274355,49.65,,11.05275798,54.47,,19.00814504
190,39.04,0.123044234,-0.169274355,48.31,,8.273245611,52.72,,14.46816587
190.1,52.19,0.377052347,0.169403129,49.26,,10.19896464,50.76,,10.27209654
190.2,52.19,0.377052347,0.169403129,50.71,,13.57732252,51.76,,12.30635419
190.3,50.49,0.344214796,0.125619728,50.48,,13.00299186,48.42,,6.261142202
190.4,59.4,21.9864879,28.98198387,48.97,,9.588558258,46.48,,3.599937604
190.5,59.4,0.516322194,0.355096259,48.99,,9.63000217,47.41,,4.808979367
190.6,50.49,0.344214796,0.125619728,48.32,,8.2924359,48,,5.638740517
190.7,50.49,0.344214796,0.125619728,51.36,,15.28537927,48.38,,6.200690538
190.8,48.37,0.303264439,0.071019252,55.53,,29.89604254,48.72,,6.722615359
190.9,52.61,0.385165154,0.180220205,54.36,,25.06449793,49.12,,7.360686044
191,52.61,0.385165154,0.180220205,57.53,,39.8283666,47.53,,4.973654842
191.1,58.98,0.508209388,0.344279184,61.33,,66.35918663,51.4,,11.54959586
191.2,58.98,0.508209388,0.344279184,59.79,,54.19033061,52.88,,14.84986755
191.3,48.37,0.303264439,0.071019252,56.99,,36.916784,51.78,,12.34923079
191.4,61.95,0.56557852,0.420771361,54.89,,27.17247473,50.97,,10.6819622
191.5,61.95,0.56557852,0.420771361,54.14,,24.22667809,51.72,,12.22086742
191.6,58.98,0.508209388,0.344279184,54.93,,27.3368646,52.74,,14.5155328
191.7,58.98,0.508209388,0.344279184,55.79,,31.06128456,53.77,,17.09270782
191.8,57.71,0.483677806,0.311570408,54.18,,24.37743015,52,,12.82679225
191.9,66.19,0.647479235,0.529972313,53.8,,22.97301354,51.07,,10.88029725
192,66.19,0.647479235,0.529972313,55.32,,28.98009336,52.76,,14.56299811
192.1,68.31,22.9864879,30.3153172,54.84,,26.96805229,54.95,,20.40433411
192.2,68.31,0.688429592,0.58457279,54.48,,25.53054131,55.98,,23.6456403
192.3,65.34,0.63106046,0.508080613,54.5,,25.60884498,56.89,,26.81217503
192.4,68.31,0.688429592,0.58457279,55.63,,30.3400773,56.92,,26.92174205
192.5,68.31,0.688429592,0.58457279,59.29,,50.68252743,59.83,,39.34780123
192.6,78.92,0.893374541,0.857832722,61.24,,65.58693382,55.69,,22.69774206
192.7,78.92,0.893374541,0.857832722,62.88,,80.99943702,56.42,,25.13940968
192.8,84.44,1,1,59.75,,53.90219326,58.55,,33.4179626
192.9,76.8,0.852424184,0.803232245,57.71,,40.8399437,59.34,,36.98430875
193,76.8,0.852424184,0.803232245,61.45,,67.40142103,60.23,,41.3682737
193.1,73.4,0.786749082,0.715665443,63.37,,86.19991597,61.57,,48.78164782
193.2,73.4,0.786749082,0.715665443,60.53,,59.76810777,62.99,,57.84776281
193.3,70.01,0.721267143,0.628356191,62.58,,77.95768772,63.99,,65.08302093
193.4,56.86,0.46725903,0.289678707,64.55,,100,62.11,,52.07293401
193.5,56.86,0.46725903,0.289678707,58.78,,47.30722616,67.74,,100
193.6,50.92,0.352520765,0.136694353,54.26,,24.68103125,63.82,,63.79947176
193.7,50.92,0.352520765,0.136694353,52.66,,19.11127735,57.21,,27.99865827
193.8,48.79,23.9864879,31.64865053,50.34,,12.66079455,58.19,,31.88724607
193.9,45.4,0.245895306,-0.005472925,51.15,,14.71946619,58.86,,34.78267634
194,45.4,0.245895306,-0.005472925,49.59,,10.91888955,58.75,,34.29339134
194.1,50.49,0.344214796,0.125619728,49.68,,11.12004081,54.81,,19.98990555
194.2,50.49,0.344214796,0.125619728,51.72,,16.28802164,54.45,,18.95146581
194.3,54.74,0.426308673,0.235078231,49.75,,11.27794347,52.85,,14.77781502
194.4,56.01,0.450840255,0.267787007,51.44,,15.50460067,51.74,,12.26356646
194.5,56.01,0.450840255,0.267787007,51.06,,14.48110151,52.36,,13.63215485
194.6,53.89,0.409889898,0.21318653,50.83,,13.88308361,52.17,,13.20335542
194.7,53.89,0.409889898,0.21318653,51.42,,15.44960532,51.47,,11.69453817
194.8,55.58,0.442534286,0.256712382,49.69,,11.14252026,51.49,,11.73614397
194.9,66.19,0.647479235,0.529972313,52.31,,18.02409908,51.13,,11.00028972
195,66.19,0.647479235,0.529972313,50.43,,12.880143,51.41,,11.57023751
195.1,56.43,0.458953062,0.278604082,52.83,,19.65540126,50.81,,10.36887519
195.2,56.43,0.458953062,0.278604082,53.12,,20.60862423,51.24,,11.22222532
195.3,47.52,0.286845664,0.049127551,53.23,,20.97862415,50.96,,10.66224164
195.4,53.46,0.401583929,0.202111905,52.81,,19.5908309,49.75,,8.420915548
195.5,53.46,24.9864879,32.98198387,54.65,,26.20192244,50.62,,10.00377192
195.6,42.85,0.19663898,-0.071148027,57.09,,37.4423589,52.21,,13.2929279
195.7,42.85,0.19663898,-0.071148027,56.4,,33.93643742,53.05,,15.26242846
195.8,42.43,0.188526173,-0.081965102,55.7,,30.65396655,51.95,,12.71729644
195.9,52.61,0.385165154,0.180220205,55.21,,28.50910172,49.06,,7.263279241
196,52.61,0.385165154,0.180220205,54.72,,26.48222712,47.76,,5.295071219
196.1,54.74,0.426308673,0.235078231,54.43,,25.33557146,48.66,,6.629168123
196.2,54.74,0.426308673,0.235078231,54.16,,24.30196708,48.53,,6.428683656
196.3,60.25,0.53274097,0.37698796,54.62,,26.08248372,48.51,,6.398079185
196.4,49.22,0.319683214,0.092910952,55.21,,28.50910172,50.09,,9.022554781
196.5,49.22,0.319683214,0.092910952,55.29,,28.85104722,52.07,,12.98104376
196.6,53.89,0.409889898,0.21318653,55.24,,28.63696125,51.86,,12.52162966
196.7,53.89,0.409889898,0.21318653,55.7,,30.65396655,51.09,,10.92021177
196.8,56.43,0.458953062,0.278604082,56.35,,33.69307491,53.37,,16.05903236
196.9,53.89,0.409889898,0.21318653,54.72,,26.48222712,54.1,,17.97838211
197,53.89,0.409889898,0.21318653,52.36,,18.17673312,53.06,,15.28692409
197.1,52.19,0.377052347,0.169403129,50.5,,13.05233035,51.85,,12.50000147
197.2,52.19,25.9864879,34.3153172,49.58,,10.89666818,48.06,,5.726003246
197.3,51.76,0.368746378,0.158328504,48.53,,8.700593461,48.29,,6.065588054
197.4,56.43,0.458953062,0.278604082,47.42,,6.651078696,49.24,,7.557328156
197.5,56.43,0.458953062,0.278604082,49.52,,10.76387745,49.66,,8.265178646
197.6,49.64,0.327796021,0.103728028,50.77,,13.72967347,50.31,,9.423313339
197.7,49.64,0.327796021,0.103728028,51.81,,16.5452627,49.17,,7.442322844
197.8,50.49,0.344214796,0.125619728,53.34,,21.35335377,49.21,,7.507937877
197.9,57.28,0.475371837,0.300495783,52.84,,19.68774241,50.41,,9.608522208
198,57.28,0.475371837,0.300495783,51.27,,15.04116378,51.26,,11.26285007
198.1,58.55,0.499903419,0.333204559,50.9,,14.06341066,50.29,,9.386501588
198.2,58.55,0.499903419,0.333204559,51.52,,15.72585657,50.77,,10.29141213
198.3,53.04,0.393471122,0.19129483,52.22,,17.75156876,53.18,,15.58286256
198.4,55.16,0.43442148,0.245895306,52.21,,17.72146208,51.96,,12.73915018
198.5,55.16,0.43442148,0.245895306,49.75,,11.27794347,51.84,,12.4783957
198.6,48.37,0.303264439,0.071019252,50.51,,13.07704235,55.03,,20.6438671
198.7,48.37,0.303264439,0.071019252,50.51,,13.07704235,52.76,,14.56299811
198.8,59.4,0.516322194,0.355096259,48.48,,8.602513464,51.65,,12.07211657
198.9,61.1,26.9864879,35.64865053,48.38,,8.408044156,47.2,,4.525684739
199,61.1,0.549159745,0.39887966,48.5,,8.641677523,46.16,,3.210175909
199.1,59.83,0.524628163,0.366170884,48.17,,8.006895368,46.83,,4.041320255
199.2,59.83,0.524628163,0.366170884,50.43,,12.880143,49.41,,7.840128742
199.3,45.82,0.254008113,0.00534415,49.42,,10.54459387,50.85,,10.44666039
199.4,48.37,0.303264439,0.071019252,52.97,,20.1115934,49.01,,7.182568805
199.5,48.37,0.303264439,0.071019252,55.94,,31.7496257,50.34,,9.478674382
199.6,39.88,0.139269847,-0.147640203,55.45,,29.54448804,51.69,,12.15698475
199.7,39.88,0.139269847,-0.147640203,53.74,,22.75684283,50.95,,10.64254152
199.8,44.55,0.229476531,-0.027364626,50.85,,13.93445698,49.93,,8.736785974
199.9,50.92,0.352520765,0.136694353,48.69,,9.018282075,49.35,,7.739746741
200,50.92,0.352520765,0.136694353,48.57,,8.7794662,48.56,,6.474709596
200.1,46.25,0.262314082,0.016418775,48.47,,8.582965327,50.5,,9.776861052
200.2,46.25,0.262314082,0.016418775,48.41,,8.466149344,52.53,,14.0230483
200.3,56.86,0.46725903,0.289678707,49.57,,10.87447245,52.58,,14.13933515
200.4,54.31,0.418002704,0.224003606,51.14,,14.69285873,52.73,,14.49183705
200.5,54.31,0.418002704,0.224003606,54.57,,25.88433635,53.26,,15.78221167
200.6,52.61,27.9864879,36.98198387,57.38,,39.00129948,53.91,,17.46474841
200.7,52.61,0.385165154,0.180220205,58.14,,43.34332615,55.1,,20.85509554
200.8,61.52,0.557272552,0.409696736,58.65,,46.47817881,56.45,,25.24376222
200.9,67.04,0.66389801,0.551864014,58.9,,48.08362569,54.16,,18.14269702
201,67.04,0.66389801,0.551864014,58.63,,46.35173406,55.7,,22.72995567
201.1,70.01,0.721267143,0.628356191,56.51,,34.47680663,54.77,,19.8725988
201.2,70.01,0.721267143,0.628356191,54.7,,26.40190874,52.51,,13.9767022
201.3,62.8,0.581997296,0.442663061,55.68,,30.56402486,52.15,,13.15870838
201.4,53.89,0.409889898,0.21318653,57.4,,39.11074916,51.02,,10.78087252
201.5,53.89,0.409889898,0.21318653,57.85,,41.64139158,50.76,,10.27209654
201.6,49.64,0.327796021,0.103728028,58.18,,43.58258034,52.88,,14.84986755
201.7,49.64,0.327796021,0.103728028,58.81,,47.50031862,53.69,,16.88252684
201.8,43.7,0.213057755,-0.049256326,59.03,,48.93695488,54,,17.70678672
201.9,41.16,0.163994591,-0.114673878,57.57,,40.05134799,53.98,,17.65280495
202,41.16,0.163994591,-0.114673878,55.5,,29.76382888,54.85,,20.10770012
202.1,49.64,0.327796021,0.103728028,54.94,,27.37808085,54.58,,19.32199177
202.2,49.64,0.327796021,0.103728028,52.17,,17.60138239,53.28,,15.83230801
202.3,63.65,28.9864879,38.3153172,53.35,,21.38765671,50.65,,10.06094242
202.4,61.52,0.557272552,0.409696736,52.47,,18.5156462,51.11,,10.96020921
202.5,61.52,0.557272552,0.409696736,53.02,,20.27631471,52.37,,13.65495823
202.6,63.22,0.590110102,0.453480137,50.53,,13.12655206,53.54,,16.49310862
202.7,63.22,0.590110102,0.453480137,50.95,,14.19311103,54.65,,19.52358535
202.8,75.1,0.819586633,0.759448844,52.26,,17.87234375,55.07,,20.7643812
202.9,76.37,0.844118215,0.79215762,55.2,,28.46658021,54.94,,20.37453203
203,76.37,0.844118215,0.79215762,56.05,,32.26204092,55.74,,22.85914483
203.1,73.4,0.786749082,0.715665443,54.58,,25.92387435,56.74,,26.26942618
203.2,73.4,0.786749082,0.715665443,55,,27.62638028,57.63,,29.6169114
203.3,70.86,0.737685918,0.650247891,56.53,,34.57579514,57.85,,30.49313143
203.4,66.62,0.655785204,0.541046938,56.87,,36.29405295,57.83,,30.41264608
203.5,66.62,0.655785204,0.541046938,58.79,,47.37151601,58.51,,33.24504609
203.6,66.19,0.647479235,0.529972313,58.86,,47.82362956,59.28,,36.70307164
203.7,66.19,0.647479235,0.529972313,57.82,,41.46856037,55.65,,22.56922132
203.8,50.07,0.33610199,0.114802653,58.29,,44.2462561,55.79,,23.02138703
203.9,46.67,0.270426888,0.027235851,56.81,,35.98590839,55.7,,22.72995567
204,46.67,29.9864879,39.64865053,53.64,,22.39986996,54.48,,19.03652879
204.1,40.73,0.155688623,-0.125748503,51.27,,15.04116378,51.29,,11.32394546
204.2,40.73,0.155688623,-0.125748503,50.13,,12.15776016,48.92,,7.038340901
204.3,44.55,0.229476531,-0.027364626,47.61,,6.983527337,45.16,,2.072322493
204.4,45.4,0.245895306,-0.005472925,47.52,,6.825142293,43.02,,0
204.5,45.4,0.245895306,-0.005472925,48.68,,8.998254116,44.57,,1.454318909
204.6,42.01,0.180413367,-0.092782178,50.14,,12.18143859,46.75,,3.939015153
204.7,42.01,0.180413367,-0.092782178,51.53,,15.75365755,47.69,,5.19643568
204.8,40.73,0.155688623,-0.125748503,51.64,,16.06159648,46.78,,3.977280095
204.9,39.46,0.131157041,-0.158457279,50.65,,13.42602348,47,,4.261558504
205,39.46,0.131157041,-0.158457279,50.94,,14.16711102,44.99,,1.890357553
205.1,40.73,0.155688623,-0.125748503,54.44,,25.37447543,47.41,,4.808979367
205.2,40.73,0.155688623,-0.125748503,53.07,,20.44198981,52.8,,14.65822471
205.3,51.76,0.368746378,0.158328504,54.99,,27.58487749,52.79,,14.63438099
205.4,54.74,0.426308673,0.235078231,52.92,,19.94782038,51.85,,12.50000147
205.5,54.74,0.426308673,0.235078231,47.96,,7.615357134,49.96,,8.790006918
205.6,62.37,0.573691327,0.431588436,49.03,,9.713177684,53.39,,16.10970369
205.7,62.37,30.9864879,40.98198387,48.92,,9.485366256,49.98,,8.825579684
205.8,57.71,0.483677806,0.311570408,49.78,,11.34600773,49.87,,8.630839739
205.9,50.07,0.33610199,0.114802653,50.36,,12.70934184,51.14,,11.02036119
206,50.07,0.33610199,0.114802653,48.06,,7.800620033,52.64,,14.27967797
206.1,56.86,0.46725903,0.289678707,50.24,,12.41973277,56.44,,25.20894195
206.2,56.86,0.46725903,0.289678707,55.55,,29.98443978,60.76,,44.17786987
206.3,61.95,0.56557852,0.420771361,59.4,,51.43696173,62.88,,57.0967495
206.4,60.68,0.541046938,0.388062585,60.79,,61.84379311,60.72,,43.96039323
206.5,60.68,0.541046938,0.388062585,60.78,,61.76280141,60.46,,42.56858225
206.6,59.83,0.524628163,0.366170884,60.25,,57.60135901,59.6,,38.22343721
206.7,59.83,0.524628163,0.366170884,62.91,,81.3094476,60.02,,40.29707487
206.8,68.31,0.688429592,0.58457279,62.89,,81.10265458,58.15,,31.72066873
206.9,61.52,0.557272552,0.409696736,63.4,,86.52797316,58.14,,31.67913229
207,61.52,0.557272552,0.409696736,59.21,,50.13983571,59.81,,39.24896189
207.1,61.1,0.549159745,0.39887966,56.16,,32.78100634,60.37,,42.09548236
207.2,61.1,0.549159745,0.39887966,56.29,,33.40288856,58.55,,33.4179626
207.3,50.07,0.33610199,0.114802653,57.55,,39.93972856,56.64,,25.91225773
207.4,47.1,31.9864879,42.3153172,57.98,,42.39728415,55.35,,21.62212969
207.5,47.1,0.278732857,0.038310476,55.14,,28.2124797,54.15,,18.11524012
207.6,45.4,0.245895306,-0.005472925,49.96,,11.7593822,53.11,,15.40978419
207.7,45.4,0.245895306,-0.005472925,48.94,,9.526571576,52.1,,13.04749525
207.8,56.43,0.458953062,0.278604082,51.81,,16.5452627,51.36,,11.46724306
207.9,59.83,0.524628163,0.366170884,52.22,,17.75156876,50.71,,10.17581861
208,59.83,0.524628163,0.366170884,50.94,,14.16711102,49.88,,8.648451678
208.1,53.46,0.401583929,0.202111905,48.27,,8.196705663,48.98,,7.134343126
208.2,53.46,0.401583929,0.202111905,49.79,,11.36874826,47.68,,5.182403273
208.3,59.83,0.524628163,0.366170884,49.96,,11.7593822,46.13,,3.174294815
208.4,52.19,0.377052347,0.169403129,49.76,,11.30060536,45.98,,2.99655499
208.5,52.19,0.377052347,0.169403129,50.6,,13.30073922,50.03,,8.914835199
208.6,55.16,0.43442148,0.245895306,52.48,,18.54667048,51.67,,12.11450664
208.7,55.16,0.43442148,0.245895306,55.91,,31.61100201,51.37,,11.48779923
208.8,53.46,0.401583929,0.202111905,56.79,,35.88366705,49.68,,8.299661287
208.9,54.31,0.418002704,0.224003606,58.16,,43.46281511,49.01,,7.182568805
209,54.31,0.418002704,0.224003606,57.53,,39.8283666,53.31,,15.9076477
209.1,48.37,32.9864879,43.64865053,59.53,,52.34100901,52.86,,14.80180762
209.2,48.37,0.303264439,0.071019252,60.38,,58.59864073,54.83,,20.04874173
209.3,57.71,0.483677806,0.311570408,61.33,,66.35918663,59.31,,36.84347136
209.4,47.95,0.295151632,0.060202176,61.53,,68.10431064,58.94,,35.14204361
209.5,47.95,0.295151632,0.060202176,58.24,,43.94354006,59.28,,36.70307164
209.6,41.16,0.163994591,-0.114673878,56.02,,32.12164521,60.64,,43.52813815
209.7,41.16,0.163994591,-0.114673878,55.74,,30.83447428,59.67,,38.56279923
209.8,52.19,0.377052347,0.169403129,54.43,,25.33557146,57.92,,30.77614897
209.9,56.86,0.46725903,0.289678707,57.95,,42.22183892,58.91,,35.00693123
210,56.86,0.46725903,0.289678707,59.21,,50.13983571,59.68,,38.61148102
210.1,59.83,0.524628163,0.366170884,59.02,,48.87085843,60.05,,40.44867812
210.2,59.83,0.524628163,0.366170884,59.06,,49.13570279,60.83,,44.56063242
210.3,74.25,0.803167858,0.737557144,61.72,,69.79992868,61.82,,50.28248644
210.4,72.56,0.770523469,0.694031292,60.79,,61.84379311,62.45,,54.24184456
210.5,72.56,0.770523469,0.694031292,59.37,,51.23025565,62.74,,56.15322688
210.6,63.65,0.598416071,0.464554761,60.36,,58.44423667,62.25,,52.95675915
210.7,63.65,0.598416071,0.464554761,58.45,,45.2267765,62.16,,52.3871132
210.8,60.68,33.9864879,44.98198387,56.79,,35.88366705,62.35,,53.59596877
210.9,52.19,0.377052347,0.169403129,59.32,,50.8873328,62.48,,54.43691757
211,52.19,0.377052347,0.169403129,60.75,,61.52038669,62.82,,56.690704
211.1,54.74,0.426308673,0.235078231,61.16,,64.90719216,63.93,,64.62741639
211.2,54.74,0.426308673,0.235078231,60.21,,57.29750279,62.44,,54.17695502
211.3,56.01,0.450840255,0.267787007,59.3,,50.75071707,58.92,,35.05192197
211.4,54.31,0.418002704,0.224003606,59.18,,49.93761533,58.63,,33.76595585
211.5,54.31,0.418002704,0.224003606,59,,48.73889428,60.04,,40.39809126
211.6,59.4,0.516322194,0.355096259,57.71,,40.8399437,57.94,,30.85738935
211.7,59.4,0.516322194,0.355096259,56.44,,34.13214162,55.78,,22.98887123
211.8,58.13,0.491790612,0.322387483,55.27,,28.76526448,55.89,,23.34840722
211.9,51.76,0.368746378,0.158328504,54.23,,24.56685204,56.23,,24.48599944
212,51.76,0.368746378,0.158328504,54.23,,24.56685204,54.66,,19.55250413
212.1,49.64,0.327796021,0.103728028,54.18,,24.37743015,55.72,,22.79448323
212.2,49.64,0.327796021,0.103728028,53.78,,22.90079016,56.78,,26.41333434
212.3,58.13,0.491790612,0.322387483,53.75,,22.79276735,55.83,,23.15178812
212.4,51.34,0.360633572,0.147511429,55.43,,29.45710568,54.86,,20.13722522
212.5,51.34,34.9864879,46.3153172,55.91,,31.61100201,54.11,,18.00569695
212.6,39.88,0.139269847,-0.147640203,51.91,,16.83423911,53.59,,16.62224193
212.7,39.88,0.139269847,-0.147640203,49.66,,11.0751597,53.97,,17.62585604
212.8,50.92,0.352520765,0.136694353,44.84,,2.78980675,57.42,,28.79897095
212.9,56.01,0.450840255,0.267787007,43.76,,1.485324648,53.77,,17.09270782
213,56.01,0.450840255,0.267787007,44.48,,2.336783586,53.58,,16.59636165
213.1,52.61,0.385165154,0.180220205,44.46,,2.312163566,51.38,,11.50837674
213.2,52.61,0.385165154,0.180220205,44.44,,2.287600338,49.04,,7.230944817
213.3,41.58,0.172107398,-0.103856803,44.11,,1.890390992,50.12,,9.076666547
213.4,45.82,0.254008113,0.00534415,43.98,,1.738023476,51.27,,11.28319408
213.5,45.82,0.254008113,0.00534415,45.86,,4.180529876,51.15,,11.04045349
213.6,39.46,0.131157041,-0.158457279,49.08,,9.817688789,52.65,,14.30315349
213.7,39.46,0.131157041,-0.158457279,49.06,,9.775811924,53.44,,16.23684295
213.8,42.01,0.180413367,-0.092782178,48.28,,8.215807519,53.22,,15.6823303
213.9,43.7,0.213057755,-0.049256326,48.81,,9.260430183,51.6,,11.96652542
214,43.7,0.213057755,-0.049256326,49.95,,11.73619085,51.25,,11.24252716
214.1,36.49,0.073787908,-0.234949456,48.71,,9.05840744,51.07,,10.88029725
214.2,36.49,35.9864879,47.64865053,48,,7.68920568,52.03,,12.89276289
214.3,40.73,0.155688623,-0.125748503,49.9,,11.62063494,53.54,,16.49310862
214.4,39.46,0.131157041,-0.158457279,50.22,,12.37185355,54.12,,18.03304014
214.5,39.46,0.131157041,-0.158457279,48.81,,9.260430183,51.34,,11.42619464
214.6,44.13,0.221363724,-0.038181701,48.03,,7.744816367,48.78,,6.816646106
214.7,44.13,0.221363724,-0.038181701,48.26,,8.177625851,48.9,,7.006472729
214.8,39.46,0.131157041,-0.158457279,42.34,,0,46.9,,4.131536414
214.9,41.16,0.163994591,-0.114673878,45,,2.997274959,44.33,,1.21355302
215,41.16,0.163994591,-0.114673878,47.35,,6.530424593,45.35,,2.279529328
215.1,44.55,0.229476531,-0.027364626,45.13,,3.168688231,44.99,,1.890357553
215.2,44.55,0.229476531,-0.027364626,45.91,,4.25300515,43.98,,0.873009547
215.3,52.19,0.377052347,0.169403129,43.55,,1.250027452,45.33,,2.25752524
215.4,54.31,0.418002704,0.224003606,45.08,,3.102455359,47.54,,4.987470564
215.5,54.31,0.418002704,0.224003606,46.58,,5.265647379,49.28,,7.623421442
215.6,58.13,0.491790612,0.322387483,46.73,,5.503293502,49.9,,8.683730419
215.7,58.13,0.491790612,0.322387483,48.38,,8.408044156,49.6,,8.162158985
215.8,56.01,0.450840255,0.267787007,46.96,,5.875773512,51.71,,12.1995511
215.9,47.1,36.9864879,48.98198387,45.4,,3.533029346,50.51,,9.795662579
216,47.1,0.278732857,0.038310476,46.66,,5.39187964,49.93,,8.736785974
216.1,32.67,0,-0.333333333,47.29,,6.427780184,50.1,,9.040573326
216.2,32.67,0,-0.333333333,47.74,,7.215231338,51.3,,11.34435289
216.3,34.37,0.032837551,-0.289549932,49.74,,11.25530773,54.45,,18.95146581
216.4,39.46,0.131157041,-0.158457279,49.7,,11.16502569,53.4,,16.1350788
216.5,39.46,0.131157041,-0.158457279,48.52,,8.680932134,55.93,,23.48016824
216.6,37.34,0.090206683,-0.213057755,47.19,,6.258278636,53.76,,17.0663397
216.7,37.34,0.090206683,-0.213057755,45.76,,4.036828645,51.51,,11.77783618
216.8,42.01,0.180413367,-0.092782178,44.75,,2.67477937,53.24,,15.73221917
216.9,45.82,0.254008113,0.00534415,43.89,,1.633870179,47.77,,5.309220577
217,45.82,0.254008113,0.00534415,44.14,,1.925878733,44.72,,1.607870481
217.1,46.25,0.262314082,0.016418775,44.27,,2.081087496,44.32,,1.203650622
217.2,46.25,0.262314082,0.016418775,44.08,,1.855025974,46.64,,3.799724915
217.3,54.31,0.418002704,0.224003606,44.58,,2.46074019,46.18,,3.234158756
217.4,49.64,0.327796021,0.103728028,45.76,,4.036828645,45.19,,2.104768429
217.5,49.64,0.327796021,0.103728028,47.03,,5.991114576,46.8,,4.002856302
217.6,42.85,37.9864879,50.3153172,48.33,,8.311648363,48.73,,6.738246531
217.7,42.85,0.19663898,-0.071148027,49.81,,11.41430819,48.66,,6.629168123
217.8,50.92,0.352520765,0.136694353,51.22,,14.90658118,48.74,,6.753893928
217.9,48.79,0.311377246,0.081836327,52.28,,17.93294076,48.66,,6.629168123
218,48.79,0.311377246,0.081836327,52.79,,19.5264095,47.56,,5.015145047
218.1,48.79,0.311377246,0.081836327,51.89,,16.77617657,48.7,,6.691401625
218.2,48.79,0.311377246,0.081836327,50.49,,13.02764686,48.43,,6.276294357
218.3,48.37,0.303264439,0.071019252,50.78,,13.75516807,46.49,,3.612327387
218.4,51.34,0.360633572,0.147511429,50.85,,13.93445698,47.2,,4.525684739
218.5,51.34,0.360633572,0.147511429,52.41,,18.33025097,48.35,,6.155516139
218.6,55.16,0.43442148,0.245895306,51.72,,16.28802164,49.25,,7.573825772
218.7,55.16,0.43442148,0.245895306,53.27,,21.11433906,50.38,,9.552757651
218.8,47.1,0.278732857,0.038310476,54.82,,26.88661322,51.38,,11.50837674
218.9,48.37,0.303264439,0.071019252,52.45,,18.45370502,49.39,,7.806598621
219,48.37,0.303264439,0.071019252,48.28,,8.215807519,47.98,,5.609773444
219.1,47.95,0.295151632,0.060202176,46.17,,4.636696512,47.05,,4.327077157
219.2,47.95,0.295151632,0.060202176,45.96,,4.325900079,46.6,,3.749466746
219.3,50.92,38.9864879,51.64865053,47.37,,6.564797735,46.16,,3.210175909
219.4,51.76,0.368746378,0.158328504,48.57,,8.7794662,47.62,,5.098513871
219.5,51.76,0.368746378,0.158328504,49.04,,9.734031661,49.24,,7.557328156
219.6,45.82,0.254008113,0.00534415,48.74,,9.118769507,49.24,,7.557328156
219.7,45.82,0.254008113,0.00534415,46.67,,5.407740822,50.6,,9.965756992
219.8,38.19,0.106625459,-0.191166055,45.58,,3.782311216,50.98,,10.70170324
219.9,39.88,0.139269847,-0.147640203,49.15,,9.965021776,50.64,,10.04186581
220,39.88,0.139269847,-0.147640203,49.74,,11.25530773,52.66,,14.32665338
,,,,,,,,,
,32.67,,,,,,,,
